Time,Contract,Fill Type,Filled Qty,Exec.Price,Value Notional,Value,Fill ID,Side,Fee rate,Rebate,Fees paid,Order Type,Order Price,Order Qty,Unfilled Qty,Order ID,Client Order ID,Status
2026-09-10 12:35:55.522740+05:30 IST Asia/Kolkata,C-BTC-80200-100926,normal,425,2.00000000,33224.37500000,0.42500000,5fad5ecda2774ea696234dc63ef18078,buy,0.00009,0,0.035105,market_order,157.4,425,0,1527838424,009261789003757024X1,cleared
2026-09-10 11:28:33.049772+05:30 IST Asia/Kolkata,P-BTC-76400-100926,normal,425,2.00000000,33378.14000000,0.42500000,fd3d93f1a8334360a075551fbd303706,buy,0.00009,0,0.035105,market_order,158,425,0,1527739316,009261789003759731X1,cleared
2026-09-10 07:11:57.397255+05:30 IST Asia/Kolkata,C-BTC-80200-100926,normal,225,12.00000000,17596.89000000,0.22500000,46b7d54811da4c2d91ce6bf9af842d7c,sell,0.00009,0,0.11151,limit_order,12,425,0,1527432957,009261789003757024E0,cleared
2026-09-10 07:00:44.630624+05:30 IST Asia/Kolkata,C-BTC-80200-100926,normal,200,12.00000000,15640.96000000,0.20000000,be917ae845514059a71f196d63ac74a4,sell,0.00009,0,0.09912,limit_order,12,425,225,1527432957,009261789003757024E0,cleared
2026-09-10 06:59:56.840282+05:30 IST Asia/Kolkata,P-BTC-76400-100926,normal,46,15.00000000,3595.89820000,0.04600000,f584ee438eef4b82afe3d8ba2432edff,sell,0.00009,0,0.028497,limit_order,15,425,0,1527432981,009261789003759731E0,cleared
2026-09-10 06:59:53.347471+05:30 IST Asia/Kolkata,P-BTC-76400-100926,normal,14,15.00000000,1094.40240000,0.01400000,5d638bc7b3704b2ba42055265ee72722,sell,0.00009,0,0.008673,limit_order,15,425,46,1527432981,009261789003759731E0,cleared
2026-09-10 06:59:52.022951+05:30 IST Asia/Kolkata,P-BTC-76400-100926,normal,30,15.00000000,2345.16000000,0.03000000,4d35bd7905d3444ca3da65ef3efdf1b7,sell,0.00009,0,0.018585,limit_order,15,425,60,1527432981,009261789003759731E0,cleared
2026-09-10 06:59:52.014422+05:30 IST Asia/Kolkata,P-BTC-76400-100926,normal,30,15.00000000,2345.10900000,0.03000000,9b83d92615d54c71ae684e16480795bc,sell,0.00009,0,0.018585,limit_order,15,425,90,1527432981,009261789003759731E0,cleared
2026-09-10 06:59:48.669010+05:30 IST Asia/Kolkata,P-BTC-76400-100926,normal,70,15.00000000,5472.47400000,0.07000000,5708f38413ee4c94a60ebacf75d49426,sell,0.00009,0,0.043365,limit_order,15,425,120,1527432981,009261789003759731E0,cleared
2026-09-10 06:59:48.546861+05:30 IST Asia/Kolkata,P-BTC-76400-100926,normal,50,15.00000000,3908.93500000,0.05000000,09de2a9e7a03486eb3aa2eec3a52025c,sell,0.00009,0,0.030975,limit_order,15,425,190,1527432981,009261789003759731E0,cleared
2026-09-10 06:59:42.710176+05:30 IST Asia/Kolkata,P-BTC-76400-100926,normal,3,15.00000000,234.55770000,0.00300000,26bdf9d9d3c24f98b1aa09741cf4b6eb,sell,0.00009,0,0.0018585,limit_order,15,425,240,1527432981,009261789003759731E0,cleared
2026-09-10 06:59:42.450417+05:30 IST Asia/Kolkata,P-BTC-76400-100926,normal,35,15.00000000,2736.50650000,0.03500000,7571aaa6f179455091df0ca38e22c13d,sell,0.00009,0,0.0216825,limit_order,15,425,243,1527432981,009261789003759731E0,cleared
2026-09-10 06:59:42.230343+05:30 IST Asia/Kolkata,P-BTC-76400-100926,normal,3,15.00000000,234.55770000,0.00300000,ce91bdc1c9e449439d34b015a1ae5324,sell,0.00009,0,0.0018585,limit_order,15,425,278,1527432981,009261789003759731E0,cleared
2026-09-10 06:59:42.195360+05:30 IST Asia/Kolkata,P-BTC-76400-100926,normal,30,15.00000000,2345.57700000,0.03000000,6ab22387e67e42ecadca06d178399afa,sell,0.00009,0,0.018585,limit_order,15,425,281,1527432981,009261789003759731E0,cleared
2026-09-10 06:59:37.234247+05:30 IST Asia/Kolkata,P-BTC-76400-100926,normal,50,15.00000000,3909.32000000,0.05000000,64116ff18ad041a2b649748317a47819,sell,0.00009,0,0.030975,limit_order,15,425,311,1527432981,009261789003759731E0,cleared
2026-09-10 06:59:37.121555+05:30 IST Asia/Kolkata,P-BTC-76400-100926,normal,5,15.00000000,390.93150000,0.00500000,0f314571405e4977ac1d6489a9bbd069,sell,0.00009,0,0.0030975,limit_order,15,425,361,1527432981,009261789003759731E0,cleared
2026-09-10 06:59:37.072365+05:30 IST Asia/Kolkata,P-BTC-76400-100926,normal,30,15.00000000,2345.58600000,0.03000000,9be5fe6e7e454902b798a53cc2df8a6a,sell,0.00009,0,0.018585,limit_order,15,425,366,1527432981,009261789003759731E0,cleared
2026-09-10 06:59:33.378346+05:30 IST Asia/Kolkata,P-BTC-76400-100926,normal,3,15.00000000,234.56400000,0.00300000,a5d4cb76510840049b55095092ecb32f,sell,0.00009,0,0.0018585,limit_order,15,425,396,1527432981,009261789003759731E0,cleared
2026-09-10 06:59:29.791805+05:30 IST Asia/Kolkata,P-BTC-76400-100926,normal,7,15.00000000,547.30620000,0.00700000,c3419bb6ab1942d8bea793cf13eb8e02,sell,0.00009,0,0.0043365,limit_order,15,425,399,1527432981,009261789003759731E0,cleared
2026-09-10 06:59:29.622493+05:30 IST Asia/Kolkata,P-BTC-76400-100926,normal,3,15.00000000,234.56010000,0.00300000,60220e1041e74728a0cb3f9c7b1cd384,sell,0.00009,0,0.0018585,limit_order,15,425,406,1527432981,009261789003759731E0,cleared
2026-09-10 06:59:29.566227+05:30 IST Asia/Kolkata,P-BTC-76400-100926,normal,3,15.00000000,234.56010000,0.00300000,8debc20a55f4485cba9aa99d28292cba,sell,0.00009,0,0.0018585,limit_order,15,425,409,1527432981,009261789003759731E0,cleared
2026-09-10 06:59:29.482100+05:30 IST Asia/Kolkata,P-BTC-76400-100926,normal,13,15.00000000,1016.42840000,0.01300000,511c0d4016114596b91488ca42d60468,sell,0.00009,0,0.0080535,limit_order,15,425,412,1527432981,009261789003759731E0,cleared
2026-09-10 05:21:25.171024+05:30 IST Asia/Kolkata,P-BTC-76800-100926,normal,410,32.00000000,32088.28100000,0.41000000,d26ef62636394e1c9fbde46b799a9a45,buy,0.00009,0,0.541856,market_order,306.3,410,0,1527358619,009261788977273296X1,cleared
2026-09-10 01:14:49.632403+05:30 IST Asia/Kolkata,C-BTC-80800-100926,normal,450,21.00000000,35234.68500000,0.45000000,59564f42ed3b4d928abf96ff97d553b4,buy,0.00009,0,0.390285,market_order,278.8,450,0,1527208987,009261788979887592X1,cleared
2026-09-10 00:21:31.878736+05:30 IST Asia/Kolkata,C-BTC-80800-100926,normal,450,24.00000000,35324.59500000,0.45000000,649a1385ab39429cb0588b6d5e177d97,sell,0.00009,0,0.44604,limit_order,24,450,0,1527155027,009261788979887592E0,cleared
2026-09-09 23:37:55.525632+05:30 IST Asia/Kolkata,P-BTC-76800-100926,normal,410,32.00000000,32257.32400000,0.41000000,82f336e850cc4729960ad3ceba64079c,sell,0.00009,0,0.541856,limit_order,32,410,0,1527107294,009261788977273296E0,cleared
2026-09-09 21:30:02.095429+05:30 IST Asia/Kolkata,C-BTC-81600-100926,normal,1,20.50000000,78.58600000,0.00100000,0f775819ba3e4bb58f22391930ad0b14,buy,0.00009,0,0.00084665,limit_order,20.5,1,0,1526803109,009261788968358041T0,cleared
2026-09-09 21:09:36.680947+05:30 IST Asia/Kolkata,C-BTC-81600-100926,normal,1,27.00000000,78.58570000,0.00100000,8ba78f42660f4f0f917d1950dc69dc95,sell,0.00009,0,0.0011151,limit_order,27,1,0,1526802114,009261788968358041E0,cleared
2026-09-09 16:57:14.638805+05:30 IST Asia/Kolkata,P-BTC-78800-090926,normal,1,10.80000000,78.95070000,0.00100000,eed0592bea2e4dcab00adfdfff698314,buy,0.00009,0,0.00044604,limit_order,10.8,1,0,1526041992,909261788950448810T0,cleared
2026-09-09 16:10:52.838890+05:30 IST Asia/Kolkata,P-BTC-78800-090926,normal,1,13.20000000,79.11580000,0.00100000,7b0b14dd36a24a57846e507bf2f61706,sell,0.00009,0,0.00054516,limit_order,13.2,1,0,1526041876,909261788950448810E0,cleared
2026-09-09 16:04:40.202877+05:30 IST Asia/Kolkata,P-BTC-78800-090926,normal,1,16.30000000,79.13260000,0.00100000,62fe077533a8427f9521725bf4ea6bc1,buy,0.00009,0,0.00067319,limit_order,16.3,1,0,1526027871,909261788949932144T0,cleared
2026-09-09 16:02:13.927447+05:30 IST Asia/Kolkata,P-BTC-78800-090926,normal,1,19.00000000,79.10290000,0.00100000,b3c7c013be2f4f88a577f246f8699f6b,sell,0.00009,0,0.0007847,limit_order,19,1,0,1526027801,909261788949932144E0,cleared
2026-09-09 16:01:59.897929+05:30 IST Asia/Kolkata,P-BTC-78800-090926,normal,1,18.50000000,79.11550000,0.00100000,a04d7c0c23cb461cb125b641bf8feaa4,buy,0.00009,0,0.00076405,limit_order,18.5,1,0,1526024138,909261788949790410T0,cleared
2026-09-09 15:59:52.715924+05:30 IST Asia/Kolkata,P-BTC-78800-090926,normal,1,22.00000000,79.08340000,0.00100000,088c2c2a8612492fbf628c529abc5ff7,sell,0.00009,0,0.0009086,limit_order,18.9,1,0,1526024077,909261788949790410E0,cleared
2026-09-09 15:49:14.146387+05:30 IST Asia/Kolkata,P-BTC-78600-090926,normal,1,10.40000000,79.02140000,0.00100000,6c2cdcb03a624891b6ea1af52076a652,buy,0.00009,0,0.00042952,limit_order,10.4,1,0,1526000606,909261788948983928T0,cleared
2026-09-09 15:46:47.105775+05:30 IST Asia/Kolkata,P-BTC-78600-090926,normal,1,16.00000000,78.96560000,0.00100000,3f8ed4de0c1149008198da036e08399b,sell,0.00009,0,0.0006608,limit_order,16,1,0,1525999663,909261788948983928E0,cleared
2026-09-09 15:35:13.654623+05:30 IST Asia/Kolkata,C-BTC-79600-090926,normal,1,6.00000000,79.04390000,0.00100000,3d446f393a1e443b97444657f08cf506,buy,0.00009,0,0.0002478,market_order,402.2,1,0,1525978465,909261788948302789T0,cleared
2026-09-09 15:35:11.505034+05:30 IST Asia/Kolkata,C-BTC-79600-090926,normal,1,5.90000000,79.04390000,0.00100000,78ed9250d92f4b3d826de4a88786fcec,sell,0.00009,0,0.00024367,limit_order,5.9,1,0,1525978116,909261788948302789E0,cleared
2026-09-09 15:34:27.391503+05:30 IST Asia/Kolkata,C-BTC-79600-090926,normal,1,7.00000000,79.04250000,0.00100000,4b50fd9c014b4a5fa126c8834d982ae8,buy,0.00009,0,0.0002891,market_order,442.7,1,0,1525976637,909261788948263280T0,cleared
2026-09-09 15:34:25.126786+05:30 IST Asia/Kolkata,C-BTC-79600-090926,normal,1,7.00000000,79.04230000,0.00100000,09b5d4db26c14a64a805c27f0452eba4,sell,0.00009,0,0.0002891,limit_order,6,1,0,1525976552,909261788948263280E0,cleared
2026-09-09 15:32:48.662675+05:30 IST Asia/Kolkata,C-BTC-79800-090926,normal,1,4.00000000,79.02800000,0.00100000,25304291d5a4498ca386360ce5a7a053,buy,0.00009,0,0.0001652,market_order,159.5,1,0,1525972702,909261788947130663T1,cleared
2026-09-09 15:15:45.354654+05:30 IST Asia/Kolkata,C-BTC-79800-090926,normal,1,2.70000000,79.10860000,0.00100000,43524b9b56534d4baebeafdb848306bb,sell,0.00009,0,0.00011151,limit_order,2.7,1,0,1525932830,909261788947130663E0,cleared
2026-09-09 14:03:59.361793+05:30 IST Asia/Kolkata,P-BTC-77800-090926,normal,1,1.00000000,79.69540000,0.00100000,828e526dbfd940b49413c575836ea2ae,buy,0.00009,0,0.0000413,limit_order,1,1,0,1525626326,909261788935738762T0,cleared
2026-09-09 12:05:40.652131+05:30 IST Asia/Kolkata,P-BTC-77800-090926,normal,1,13.00000000,79.22670000,0.00100000,efc3a1cf6be34d5cb8697d84b4a84642,sell,0.00009,0,0.0005369,limit_order,13,1,0,1525626195,909261788935738762E0,cleared
2026-09-09 11:48:15.985587+05:30 IST Asia/Kolkata,P-BTC-76000-100926,normal,1,19.00000000,79.17010000,0.00100000,d602d113307d461a99da66967f1fa54b,buy,0.00009,0,0.0007847,limit_order,19,1,0,1525533713,009261788929782978T0,cleared
2026-09-09 10:26:36.351646+05:30 IST Asia/Kolkata,P-BTC-76000-100926,normal,1,20.00000000,79.19460000,0.00100000,bdbea297da5b463cae980b7663c5cf6f,sell,0.00009,0,0.000826,limit_order,20,1,0,1525452679,009261788929782978E0,cleared
2026-09-09 09:46:39.597867+05:30 IST Asia/Kolkata,P-BTC-76800-090926,normal,1,2.10000000,78.82900000,0.00100000,4e9945aad3d04d469d4fdc8a91464fbb,buy,0.00009,0,0.00008673,limit_order,2.1,1,0,1525140329,909261788912276126T0,cleared
2026-09-09 05:35:10.025726+05:30 IST Asia/Kolkata,P-BTC-76800-090926,normal,1,15.00000000,78.56330000,0.00100000,a5d13de88a734d42854515ac84661690,sell,0.00009,0,0.0006195,limit_order,15,1,0,1525139964,909261788912276126E0,cleared
2026-09-09 04:17:49.894029+05:30 IST Asia/Kolkata,P-BTC-76600-090926,normal,1,12.40000000,78.53510000,0.00100000,7f8aa6884c604780a64a4922da51d7a0,buy,0.00009,0,0.00051212,limit_order,12.4,1,0,1524923638,909261788892567828T0,cleared
2026-09-09 00:06:15.687811+05:30 IST Asia/Kolkata,P-BTC-76600-090926,normal,1,21.00000000,78.64630000,0.00100000,45e24e85cae24481ab6f251b09895c82,sell,0.00009,0,0.0008673,limit_order,21,1,0,1524923386,909261788892567828E0,cleared
2026-09-09 00:03:06.893933+05:30 IST Asia/Kolkata,P-BTC-76800-090926,normal,1,25.20000000,78.77370000,0.00100000,ca8ad74949b24ee2948345c6e0b7578d,buy,0.00009,0,0.00104076,limit_order,25.2,1,0,1524913801,909261788892141778T0,cleared
2026-09-08 23:59:16.091192+05:30 IST Asia/Kolkata,P-BTC-76800-090926,normal,1,28.00000000,78.72480000,0.00100000,6c20d44ef1cd41d4a8a85c4f82b4c812,sell,0.00009,0,0.0011564,limit_order,28,1,0,1524913445,909261788892141778E0,cleared
2026-09-08 23:54:56.199525+05:30 IST Asia/Kolkata,P-BTC-76800-090926,normal,1,25.10000000,78.79240000,0.00100000,378266bd11f94482acc6b1d32b112f4b,buy,0.00009,0,0.00103663,limit_order,25.1,1,0,1524884269,909261788891081299T0,cleared
2026-09-08 23:41:58.287023+05:30 IST Asia/Kolkata,P-BTC-76800-090926,normal,1,31.00000000,78.68160000,0.00100000,b395a67e1c474c599ee2b9cafe4c1800,sell,0.00009,0,0.0012803,limit_order,31,1,0,1524883136,909261788891081299E0,cleared
2026-09-08 23:32:15.244708+05:30 IST Asia/Kolkata,P-BTC-76600-090926,normal,1,26.40000000,78.57360000,0.00100000,26931325059d4ec99b992734901ab2ab,buy,0.00009,0,0.00109032,limit_order,26.4,1,0,1524856852,909261788890157475T2,cleared
2026-09-08 23:26:20.442992+05:30 IST Asia/Kolkata,P-BTC-76600-090926,normal,1,30.00000000,78.58290000,0.00100000,09041c43b4c14889bad389eb6ab8984a,sell,0.00009,0,0.001239,limit_order,30,1,0,1524854711,909261788890157475E0,cleared
2026-09-08 23:21:50.081934+05:30 IST Asia/Kolkata,P-BTC-76600-090926,normal,1,28.40000000,78.57900000,0.00100000,2b75edea27c748999419098629295bb3,buy,0.00009,0,0.00117292,limit_order,28.4,1,0,1524843656,909261788889194324T3,cleared
2026-09-08 23:10:15.071405+05:30 IST Asia/Kolkata,P-BTC-76600-090926,normal,1,30.90000000,78.57970000,0.00100000,991dc393a37349f38cc696a694f7563d,sell,0.00009,0,0.00127617,limit_order,30.9,1,0,1524825156,909261788889194324E0,cleared
2026-09-08 23:05:23.203710+05:30 IST Asia/Kolkata,P-BTC-76600-090926,normal,1,28.00000000,78.66450000,0.00100000,7ee7a43b755e4263901dd8f4d720e7e4,buy,0.00009,0,0.0011564,market_order,293.5,1,0,1524817152,909261788888073161X1,cleared
2026-09-08 22:51:15.454886+05:30 IST Asia/Kolkata,P-BTC-76600-090926,normal,1,33.00000000,78.60890000,0.00100000,92f11a45893640dabe5445fabc0257c9,sell,0.00009,0,0.0013629,market_order,0.1,1,0,1524788790,909261788888073161E0,cleared
2026-09-08 22:39:08.912649+05:30 IST Asia/Kolkata,C-BTC-81000-090926,normal,1,16.00000000,78.74520000,0.00100000,97fe4256d3b946ac80f93d5ca2bf5715,buy,0.00009,0,0.0006608,market_order,227.9,1,0,1524763145,909261788885289189X1,cleared
2026-09-08 22:06:41.746748+05:30 IST Asia/Kolkata,C-BTC-81000-090926,normal,1,19.00000000,78.72600000,0.00100000,dba76c90772344159bb175af3ce8c07f,sell,0.00009,0,0.0007847,limit_order,19,1,0,1524675092,909261788885289189E0,cleared
2026-09-08 21:56:16.453946+05:30 IST Asia/Kolkata,C-BTC-81000-090926,normal,1,20.00000000,78.66970000,0.00100000,1a1c3df0a8494e069c94031bb7ad1051,buy,0.00009,0,0.000826,market_order,263,1,0,1524657546,909261788884648365X1,cleared
2026-09-08 21:55:06.218750+05:30 IST Asia/Kolkata,C-BTC-81000-090926,normal,1,18.00000000,78.64460000,0.00100000,6062e0350e374301a34728eb1eb7e386,sell,0.00009,0,0.0007434,limit_order,18,1,0,1524653105,909261788884648365E0,cleared
2026-09-05 17:18:25.590885+05:30 IST Asia/Kolkata,P-BTC-79600-050926,normal,5,1.30000000,398.05250000,0.00500000,99ae7d6cf66e45b28892440d570fdedb,buy,0.00009,0,0.00026845,market_order,20184.5,5,0,1518607912,,cleared
2026-09-05 17:14:14.017600+05:30 IST Asia/Kolkata,P-BTC-79600-050926,normal,5,2.80000000,398.13900000,0.00500000,146fca23f5884d98a6f5e7a6438d9260,sell,0.00009,0,0.0005782,market_order,0.1,5,0,1518602998,,cleared
2026-09-04 15:50:48.078460+05:30 IST Asia/Kolkata,C-BTC-84000-040926,normal,10,0.30000000,808.64100000,0.01000000,a619e5baf44940ac930c044f3d8742cd,buy,0.00009,0,0.0001239,limit_order,3.1,10,0,1516587596,26081311500089726,cleared
2026-09-04 15:50:48.023868+05:30 IST Asia/Kolkata,P-BTC-78500-040926,normal,10,0.90000000,808.64400000,0.01000000,6b7bd275062b45d891db83f01ccbcdbe,buy,0.00009,0,0.0003717,limit_order,3.1,10,0,1516587593,26081311500089725,cleared
2026-09-04 07:42:01.378822+05:30 IST Asia/Kolkata,P-BTC-78500-040926,normal,10,13.00000000,807.84300000,0.01000000,8e83536ba4ab4934bff1c8d2a53f17f9,sell,0.00009,0,0.005369,market_order,0.1,10,0,1515888999,26081311500089396,cleared
2026-09-04 07:42:01.275663+05:30 IST Asia/Kolkata,C-BTC-84000-040926,normal,10,8.50000000,807.84300000,0.01000000,75a01b0b7cf4485ca56b209bc0193274,sell,0.00009,0,0.0035105,market_order,0.1,10,0,1515888992,26081311500089397,cleared
2026-09-04 03:00:20.005805+05:30 IST Asia/Kolkata,C-BTC-85000-040926,normal,20,23.60000000,1637.41400000,0.02000000,562be51bb83c4fb2a3944082d49904c2,buy,0.00009,0,0.0194936,market_order,389.8,20,0,1515694878,,cleared
2026-09-04 02:43:02.099167+05:30 IST Asia/Kolkata,C-BTC-85000-040926,normal,20,13.40000000,1631.07000000,0.02000000,0f8f3012486d4d27adc72794c6d2484a,sell,0.00009,0,0.0110684,market_order,0.1,20,0,1515684766,,cleared
